scenario,supported_stops,total_stops,coverage_percentage,covered_stops,uncovered_stops,avg_distance_m,max_distance_m,within_500m,beyond_500m,improvement_percentage,additional_stops,distance_reduction_m
BEFORE,210,2136,28.88576779026217,617,1519,1591.8190354125554,12606.448571963718,617,1519,0.0,0,0.0
Conservative,459,2136,91.52621722846442,1955,181,234.67624087690902,816.7236943732566,1955,181,62.640449438202246,249,1357.1427945356463
Aggressive,344,2136,90.12172284644194,1925,211,249.27083169357584,1008.909826991638,1925,211,61.23595505617977,134,1342.5482037189795
